true_label_name,n,accuracy,mean_overlap
contradiction,32,0.21875,0.07724041670215281
entailment,25,0.32,0.08998596480110606
neutral_related,317,0.6214511041009464,0.06310267538874864
neutral_unrelated,626,0.5638977635782748,0.04483359668145412
